Time,Temperature,Humidity,Speed,Direction,Rain,Sunlight,PM2.5,PM10
00:00:34,29.27,56.66,0,90,0,0,7,10
00:01:38,29.28,56.67,0,90,0,0,6,10
00:02:40,29.29,56.73,0,90,0,0,6,10
00:03:42,29.29,56.66,0,90,0,0,6,10
00:04:45,29.29,56.59,0,90,0,0,6,10
00:05:48,29.29,56.74,0,90,0,0,5,10
00:06:51,29.3,56.89,0,90,0,0,5,10
00:07:54,29.3,56.66,0,90,0,0,6,10
00:08:56,29.3,56.74,0,90,0,0,6,10
00:09:58,29.3,56.69,0,90,0,0,6,10
00:11:01,29.3,56.71,0,90,0,0,6,10
00:12:05,29.31,56.86,0,90,0,0,6,10
00:13:06,29.31,56.83,0,90,0,0,6,10
00:14:09,29.31,56.74,0,90,0,0,6,10
00:15:13,29.32,56.8,0,90,0,0,8,10
00:16:14,29.32,56.9,0,90,0,0,5,10
00:17:16,29.32,56.81,0,90,0,0,6,10
00:18:21,29.32,56.85,0,90,0,0,6,10
00:19:21,29.32,56.83,0,90,0,0,7,10
00:20:25,29.33,57.21,0,90,0,0,6,10
00:21:27,29.32,57,0,90,0,0,6,10
00:22:31,29.33,57.01,0,90,0,0,7,10
00:23:33,29.33,57,0,90,0,0,7,10
00:24:36,29.33,56.91,0,90,0,0,6,10
00:26:42,29.34,56.98,0,90,0,0,8,10
00:27:44,29.33,57.08,0,90,0,0,7,10
00:28:47,29.34,56.97,0,90,0,0,5,10
00:29:50,29.34,56.93,0,90,0,0,6,10
00:30:52,29.34,56.93,0,90,0,0,6,10
00:31:56,29.34,57.04,0,90,0,0,6,10
00:32:58,29.34,57,0,90,0,0,6,10
00:34:00,29.34,57.06,0,90,0,0,6,10
00:35:04,29.34,57.06,0,90,0,0,7,10
00:36:05,29.34,57.02,0,90,0,0,6,10
00:37:08,29.34,57.12,0,90,0,0,6,10
00:38:11,29.34,57.18,0,90,0,0,7,10
00:39:15,29.34,57.11,0,90,0,0,7,10
00:40:16,29.35,57.17,0,90,0,0,8,10
00:41:19,29.34,57.21,0,90,0,0,6,10
00:42:22,29.35,57.23,0,90,0,0,6,10
00:43:25,29.35,57.21,0,90,0,0,6,10
00:44:28,29.35,57.11,0,90,0,0,7,10
00:45:32,29.35,57.32,0,90,0,0,6,10
00:46:34,29.36,57.26,0,90,0,0,6,10
00:47:37,29.35,57.2,0,90,0,0,6,10
00:48:39,29.35,57.21,0,90,0,0,6,10
00:49:42,29.35,57.15,0,90,0,0,5,10
00:50:45,29.35,57.15,0,90,0,0,6,10
00:51:48,29.35,57.37,0,90,0,0,6,10
00:52:49,29.35,57.46,0,90,0,0,6,10
00:53:53,29.35,57.47,0,90,0,0,6,10
00:54:55,29.35,57.48,0,90,0,0,6,10
00:55:57,29.35,57.55,0,90,0,0,6,10
00:57:00,29.36,57.54,0,90,0,0,6,10
00:58:04,29.36,57.58,0,90,0,0,6,10
00:59:05,29.35,57.6,0,90,0,0,6,10
01:00:08,29.35,57.64,0,90,0,0,8,10
01:01:10,29.36,57.7,0,90,0,0,6,10
01:02:12,29.35,57.8,0,90,0,0,6,10
01:03:16,29.35,57.66,0,90,0,0,6,10
01:04:18,29.35,57.71,0,90,0,0,6,10
01:05:21,29.36,57.82,0,90,0,0,6,10
01:06:24,29.36,57.88,0,90,0,0,7,10
01:07:26,29.35,57.82,0,90,0,0,6,10
01:08:29,29.36,57.88,0,90,0,0,6,10
01:09:31,29.35,57.85,0,90,0,0,6,10
01:10:34,29.35,57.83,0,90,0,0,6,10
01:11:36,29.36,57.87,0,90,0,0,7,10
01:12:39,29.35,57.92,0,90,0,0,7,10
01:13:43,29.36,58,0,90,0,0,7,10
01:14:44,29.35,57.89,0,90,0,0,8,10
01:15:46,29.35,57.91,0,90,0,0,7,10
01:16:50,29.35,57.99,0,90,0,0,7,10
01:17:51,29.36,58,0,90,0,0,7,10
01:18:54,29.35,58.02,0,90,0,0,7,10
01:19:57,29.36,57.94,0,90,0,0,6,10
01:21:01,29.36,57.93,0,90,0,0,7,10
01:22:02,29.36,57.9,0,90,0,0,6,10
01:23:05,29.36,57.91,0,90,0,0,6,10
01:24:08,29.36,58,0,90,0,0,6,10
01:25:10,29.36,58,0,90,0,0,7,10
01:26:15,29.37,57.94,0,90,0,0,6,10
01:27:15,29.36,57.9,0,90,0,0,7,10
01:28:18,29.37,57.94,0,90,0,0,6,10
01:29:22,29.36,58.05,0,90,0,0,6,10
01:30:24,29.37,57.99,0,90,0,0,6,10
01:31:26,29.37,58.05,0,90,0,0,6,10
01:32:29,29.36,58.06,0,90,0,0,6,10
01:33:32,29.36,58.07,0,90,0,0,7,10
01:34:34,29.36,58.17,0,90,0,0,6,10
01:35:37,29.37,58.13,0,90,0,0,7,10
01:36:40,29.36,58.1,0,90,0,0,6,10
01:37:42,29.36,58.05,0,90,0,0,6,10
01:38:45,29.36,58.05,0,90,0,0,6,10
01:39:49,29.36,58.08,0,90,0,0,8,10
01:40:50,29.36,58.14,0,90,0,0,6,10
01:41:53,29.37,58.15,0,90,0,0,6,10
01:42:56,29.37,58.16,0,90,0,0,6,10
01:43:59,29.37,58.06,0,90,0,0,7,10
01:45:02,29.37,58.13,0,90,0,0,7,10
01:46:05,29.37,58.18,0,90,0,0,8,10
01:47:07,29.37,58.18,0,90,0,0,7,10
01:48:09,29.37,58.27,0,90,0,0,7,10
01:49:12,29.37,58.29,0,90,0,0,6,10
01:50:15,29.37,58.25,0,90,0,0,7,10
01:51:18,29.37,58.31,0,90,0,0,7,10
01:52:22,29.37,58.29,0,90,0,0,6,10
01:53:23,29.36,58.1,0,90,0,0,7,10
01:54:26,29.37,58.22,0,90,0,0,6,10
01:55:30,29.37,58.1,0,90,0,0,6,10
01:56:31,29.37,58.19,0,90,0,0,7,10
01:57:34,29.37,58.26,0,90,0,0,7,10
01:58:36,29.37,58.37,0,90,0,0,6,10
01:59:39,29.37,58.22,0,90,0,0,6,10
02:00:42,29.37,58.24,0,90,0,0,8,10
02:01:44,29.37,58.38,0,90,0,0,7,10
02:02:46,29.37,58.32,0,90,0,0,6,10
02:03:49,29.37,58.38,0,90,0,0,7,10
02:04:52,29.37,58.39,0,90,0,0,7,10
02:05:54,29.37,58.4,0,90,0,0,6,10
02:06:56,29.38,58.41,0,90,0,0,8,10
02:07:59,29.38,58.43,0,90,0,0,6,10
02:09:01,29.37,58.47,0,90,0,0,6,10
02:10:04,29.38,58.47,0,90,0,0,7,10
02:11:06,29.38,58.41,0,90,0,0,6,10
02:13:13,29.38,58.47,0,90,0,0,6,10
02:14:14,29.38,58.46,0,90,0,0,7,10
02:15:17,29.38,58.47,0,90,0,0,6,10
02:16:20,29.38,58.5,0,90,0,0,7,10
02:17:23,29.38,58.48,0,90,0,0,6,10
02:18:26,29.38,58.5,0,90,0,0,7,10
02:19:30,29.38,58.49,0,90,0,0,6,10
02:20:31,29.38,58.54,0,90,0,0,7,10
02:21:34,29.38,58.49,0,90,0,0,6,10
02:22:38,29.38,58.41,0,90,0,0,7,10
02:23:39,29.38,58.6,0,90,0,0,7,10
02:24:41,29.39,58.55,0,90,0,0,7,10
02:25:45,29.39,58.6,0,90,0,0,7,10
02:26:46,29.38,58.54,0,90,0,0,6,10
02:27:49,29.38,58.76,0,90,0,0,6,10
02:28:53,29.38,58.45,0,90,0,0,6,10
02:29:54,29.38,58.46,0,90,0,0,6,10
02:30:56,29.38,58.51,0,90,0,0,5,10
02:32:00,29.38,58.6,0,90,0,0,6,10
02:33:01,29.38,58.5,0,90,0,0,6,10
02:34:03,29.39,58.48,0,90,0,0,7,10
02:35:08,29.39,58.55,0,90,0,0,7,10
02:36:09,29.39,58.58,0,90,0,0,7,10
02:37:12,29.39,58.56,0,90,0,0,7,10
02:38:16,29.39,58.63,0,90,0,0,7,10
02:39:17,29.39,58.61,0,90,0,0,6,10
02:40:19,29.39,58.61,0,90,0,0,6,10
02:41:23,29.39,58.64,0,90,0,0,7,10
02:42:24,29.39,58.67,0,90,0,0,8,10
02:43:27,29.39,58.6,0,90,0,0,6,10
02:44:31,29.4,58.6,0,90,0,0,7,10
02:45:32,29.39,58.66,0,90,0,0,6,10
02:46:35,29.4,58.64,0,90,0,0,6,10
02:47:38,29.39,58.72,0,90,0,0,7,10
02:48:39,29.4,58.78,0,90,0,0,8,10
02:49:42,29.39,58.7,0,90,0,0,5,10
02:50:46,29.39,58.76,0,90,0,0,6,10
02:51:47,29.39,58.81,0,90,0,0,7,10
02:52:49,29.4,58.72,0,90,0,0,6,10
02:53:53,29.4,58.76,0,90,0,0,7,10
02:55:57,29.4,58.83,0,90,0,0,6,10
02:56:59,29.39,58.75,0,90,0,0,6,10
02:58:03,29.4,58.68,0,90,0,0,6,10
02:59:05,29.39,58.84,0,90,0,0,6,10
03:00:07,29.4,58.86,0,90,0,0,7,10
03:02:12,29.4,58.9,0,90,0,0,7,10
03:03:15,29.4,58.86,0,90,0,0,7,10
03:04:18,29.4,58.81,0,90,0,0,7,10
03:05:20,29.4,58.88,0,90,0,0,7,10
03:06:23,29.4,58.94,0,90,0,0,6,10
03:07:25,29.4,58.92,0,90,0,0,6,10
03:08:27,29.4,58.93,0,90,0,0,7,10
03:09:29,29.41,58.96,0,90,0,0,8,10
03:10:34,29.4,58.94,0,90,0,0,6,10
03:11:35,29.41,58.88,0,90,0,0,7,10
03:12:38,29.4,58.96,0,90,0,0,6,10
03:13:42,29.4,58.95,0,90,0,0,6,10
03:14:43,29.4,58.93,0,90,0,0,7,10
03:15:45,29.41,58.95,0,90,0,0,7,10
03:16:48,29.41,58.97,0,90,0,0,7,10
03:17:51,29.4,59,0,90,0,0,8,10
03:18:54,29.41,59.01,0,90,0,0,8,10
03:19:57,29.41,58.93,0,90,0,0,6,10
03:20:59,29.41,58.98,0,90,0,0,6,10
03:22:03,29.41,59,0,90,0,0,8,10
03:23:04,29.41,58.98,0,90,0,0,6,10
03:24:06,29.41,59.01,0,90,0,0,6,10
03:25:11,29.41,58.94,0,90,0,0,7,10
03:26:12,29.41,59.01,0,90,0,0,7,10
03:27:14,29.41,58.99,0,90,0,0,7,10
03:28:18,29.41,58.86,0,90,0,0,7,10
03:30:22,29.4,58.91,0,90,0,0,7,10
03:31:24,29.4,59.04,0,90,0,0,6,10
03:32:28,29.4,59.15,0,90,0,0,7,10
03:33:30,29.41,59.44,0,90,0,0,7,10
03:34:32,29.41,59.05,0,90,0,0,6,10
03:35:36,29.41,59.07,0,90,0,0,8,10
03:36:37,29.41,59.07,0,90,0,0,6,10
03:37:40,29.41,59.16,0,90,0,0,7,10
03:38:43,29.41,59.09,0,90,0,0,7,10
03:39:46,29.41,59.11,0,90,0,0,6,10
03:40:49,29.41,59.25,0,90,0,0,7,10
03:41:52,29.41,59.11,0,90,0,0,7,10
03:42:54,29.42,59.16,0,90,0,0,7,10
03:43:57,29.41,59.21,0,90,0,0,9,10
03:45:00,29.42,59.2,0,90,0,0,6,10
03:46:02,29.42,59.16,0,90,0,0,6,10
03:47:05,29.42,59.33,0,90,0,0,6,10
03:48:09,29.42,59.27,0,90,0,0,6,10
03:49:10,29.42,59.25,0,90,0,0,6,10
03:50:13,29.42,59.24,0,90,0,0,7,10
03:51:16,29.42,59.25,0,90,0,0,6,10
03:52:18,29.42,59.27,0,90,0,0,7,10
03:53:21,29.43,59.32,0,90,0,0,7,10
03:54:23,29.42,59.36,0,90,0,0,7,10
03:55:26,29.42,59.21,0,90,0,0,8,10
03:56:30,29.42,59.25,0,90,0,0,7,10
03:57:31,29.42,59.34,0,90,0,0,6,10
03:58:34,29.41,59.2,0,90,0,0,7,10
03:59:36,29.42,59.36,0,90,0,0,6,10
04:00:39,29.42,59.45,0,90,0,0,7,10
04:01:42,29.42,59.36,0,90,0,0,8,10
04:02:45,29.42,59.21,0,90,0,0,6,10
04:03:47,29.42,59.21,0,90,0,0,7,10
04:04:50,29.42,59.5,0,90,0,0,6,10
04:05:53,29.42,59.5,0,90,0,0,7,10
04:06:56,29.42,59.47,0,90,0,0,6,10
04:07:58,29.42,59.4,0,90,0,0,9,10
04:09:01,29.42,59.36,0,90,0,0,7,10
04:10:05,29.42,59.28,0,90,0,0,6,10
04:11:06,29.42,59.33,0,90,0,0,7,10
04:12:09,29.42,59.48,0,90,0,0,6,10
04:13:13,29.42,59.46,0,90,0,0,6,10
04:14:14,29.42,59.63,0,90,0,0,7,10
04:15:17,29.42,59.47,0,90,0,0,7,10
04:16:21,29.42,59.54,0,90,0,0,8,10
04:17:22,29.42,59.59,0,90,0,0,9,10
04:18:25,29.42,59.58,0,90,0,0,6,10
04:19:28,29.42,59.52,0,90,0,0,7,10
04:20:29,29.43,59.77,0,90,0,0,7,10
04:21:32,29.43,59.32,0,90,0,0,8,10
04:22:36,29.42,59.34,0,90,0,0,7,10
04:23:37,29.43,59.37,0,90,0,0,7,10
04:24:39,29.43,59.31,0,90,0,0,6,10
04:25:43,29.43,59.41,0,90,0,0,6,10
04:26:46,29.43,59.46,0,90,0,0,7,10
04:27:47,29.43,59.55,0,90,0,0,8,10
04:28:51,29.43,59.52,0,90,0,0,8,10
04:29:52,29.42,59.52,0,90,0,0,7,10
04:30:54,29.43,59.53,0,90,0,0,6,10
04:31:59,29.43,59.57,0,90,0,0,7,10
04:33:00,29.43,59.48,0,90,0,0,7,10
04:34:02,29.43,59.4,0,90,0,0,6,10
04:35:05,29.43,59.42,0,90,0,0,7,10
04:36:08,29.43,59.45,0,90,0,0,6,10
04:37:11,29.43,59.53,0,90,0,0,7,10
04:38:14,29.44,59.5,0,90,0,0,8,10
04:39:17,29.44,59.6,0,90,0,0,8,10
04:40:19,29.44,59.7,0,90,0,0,8,10
04:41:21,29.44,59.56,0,90,0,0,8,10
04:42:25,29.44,59.65,0,90,0,0,8,10
04:43:26,29.44,59.77,0,90,0,0,6,10
04:44:29,29.44,59.7,0,90,0,0,7,10
04:45:32,29.44,59.62,0,90,0,0,7,10
04:46:34,29.44,59.6,0,90,0,0,7,10
04:47:37,29.44,59.8,0,90,0,0,7,10
04:48:40,29.45,59.64,0,90,0,0,7,10
04:49:42,29.44,59.55,0,90,0,0,7,10
04:50:45,29.44,59.7,0,90,0,0,7,10
04:51:48,29.44,59.73,0,90,0,0,7,10
04:52:51,29.45,59.6,0,90,0,0,7,10
04:53:54,29.45,59.69,0,90,0,0,7,10
04:54:59,29.44,59.52,0,90,0,0,7,10
04:56:00,29.45,59.57,0,90,0,0,7,10
04:57:02,29.45,59.51,0,90,0,0,7,10
04:58:06,29.44,59.44,0,90,0,0,8,10
04:59:08,29.44,59.58,0,90,0,0,7,10
05:00:11,29.44,59.44,0,90,0,0,7,10
05:01:14,29.44,59.57,0,90,0,0,8,10
05:02:17,29.44,59.52,0,90,0,0,6,10
05:03:19,29.44,59.68,0,90,0,0,6,10
05:04:21,29.45,59.76,0,90,0,0,6,10
05:05:25,29.44,59.8,0,90,0,0,9,10
05:06:26,29.44,59.6,0,90,0,0,8,10
05:07:29,29.44,59.68,0,90,0,0,6,10
05:08:34,29.44,59.68,0,90,0,0,6,10
05:09:35,29.44,59.77,0,90,0,0,6,10
05:10:37,29.44,59.74,0,90,0,0,6,10
05:11:41,29.44,59.67,0,90,0,0,6,10
05:12:42,29.44,59.67,0,90,0,0,6,10
05:13:45,29.44,59.7,0,90,0,0,7,10
05:14:49,29.44,59.62,0,90,0,0,7,10
05:15:50,29.44,59.73,0,90,0,0,6,10
05:16:52,29.44,59.83,0,90,0,0,7,10
05:17:56,29.44,59.91,0,90,0,0,7,10
05:18:57,29.44,59.92,0,90,0,0,8,10
05:20:00,29.45,59.92,0,90,0,0,7,10
05:21:02,29.44,59.97,0,90,0,0,6,10
05:22:04,29.45,60.06,0,90,0,0,8,10
05:23:08,29.45,60.05,0,90,0,0,6,10
05:24:09,29.45,60.11,0,90,0,0,7,10
05:25:12,29.45,60.12,0,90,0,0,6,10
05:26:16,29.45,59.9,0,90,0,0,7,10
05:27:17,29.44,59.99,0,90,0,0,7,10
05:28:20,29.44,60.06,0,90,0,0,5,10
05:29:23,29.45,60.16,0,90,0,0,6,10
05:30:24,29.45,60.29,0,90,0,0,6,10
05:32:30,29.45,60.23,0,90,0,0,7,10
05:33:33,29.44,60.27,0,90,0,0,6,10
05:34:35,29.44,60.32,0,90,0,0,7,10
05:35:38,29.44,60.06,0,90,0,0,8,10
05:36:40,29.44,60.21,0,90,0,0,7,10
05:37:43,29.44,60.15,0,90,0,0,7,10
05:38:45,29.44,60.28,0,90,0,0,8,10
05:39:48,29.44,60.3,0,90,0,0,7,10
05:40:50,29.44,60.29,0,90,0,0,6,10
05:41:53,29.45,60.26,0,90,0,0,7,10
05:42:57,29.45,60.35,0,90,0,0,8,10
05:43:58,29.45,60.42,0,90,0,0,8,10
05:45:01,29.45,60.63,0,90,0,0,7,10
05:46:05,29.45,60.62,0,90,0,0,7,10
05:47:06,29.45,60.42,0,90,0,0,7,10
05:48:09,29.45,60.56,0,90,0,0,7,10
05:49:11,29.45,60.67,0,90,0,0,6,10
05:50:14,29.45,60.51,0,90,0,0,7,10
05:51:17,29.45,60.72,0,90,0,0,7,10
05:52:20,29.45,60.61,0,90,0,0,6,10
05:53:23,29.45,60.56,0,90,0,0,6,10
05:54:27,29.45,60.71,0,90,0,0,7,10
05:55:28,29.45,60.62,0,90,0,0,7,10
05:56:30,29.45,60.71,0,90,0,0,6,10
05:57:34,29.45,60.29,0,90,0,0,6,10
05:58:36,29.45,60.45,0,90,0,0,8,10
05:59:39,29.45,60.57,0,90,0,0,8,10
06:00:42,29.45,60.61,0,90,0,0,8,10
06:01:45,29.45,60.68,0,90,0,0,8,10
06:02:47,29.44,60.53,0,90,0,0,7,10
06:03:51,29.45,60.61,0,90,0,0,8,10
06:04:52,29.45,60.64,0,90,0,0,6,10
06:05:56,29.44,60.64,0,90,0,0,6,10
06:06:58,29.45,60.65,0,90,0,0,9,10
06:08:01,29.45,60.5,0,90,0,0,6,10
06:09:04,29.45,60.44,0,90,0,0,7,10
06:10:07,29.45,60.57,0,90,0,0,8,10
06:11:11,29.45,60.5,0,90,0,0,6,10
06:12:12,29.45,60.57,0,90,0,0,6,10
06:13:15,29.45,60.61,0,90,0,0,7,10
06:14:19,29.46,60.66,0,90,0,1,8,10
06:15:21,29.45,60.66,0,90,0,1,7,10
06:16:23,29.46,60.69,0,90,0,1,7,10
06:17:27,29.46,60.37,0,90,0,1,7,10
06:18:28,29.45,60.27,0,90,0,1,6,10
06:19:31,29.46,60.46,0,90,0,1,7,10
06:20:35,29.46,60.5,0,90,0,1,8,10
06:21:36,29.46,60.59,0,90,0,1,6,10
06:22:40,29.46,60.69,0,90,0,1,6,10
06:23:42,29.46,60.51,0,90,0,1,8,10
06:24:45,29.46,60.48,0,90,0,1,6,10
06:25:48,29.46,60.58,0,90,0,1,7,10
06:26:50,29.46,60.68,0,90,0,1,7,10
06:27:53,29.46,60.46,0,90,0,1,7,10
06:28:56,29.46,60.5,0,90,0,1,6,10
06:30:00,29.46,60.61,0,90,0,1,7,10
06:31:02,29.46,60.46,0,90,0,1,6,10
06:32:04,29.46,60.47,0,90,0,1,7,10
06:33:07,29.46,60.6,0,90,0,2,7,10
06:34:09,29.46,60.64,0,90,0,2,6,10
06:35:12,29.46,60.64,0,90,0,2,6,10
06:36:15,29.46,60.6,0,90,0,2,6,10
06:37:17,29.46,60.71,0,90,0,2,7,10
06:38:20,29.46,60.7,0,90,0,2,7,10
06:39:23,29.46,60.51,0,90,0,2,7,10
06:40:25,29.45,60.49,0,90,0,2,7,10
06:41:27,29.46,60.52,0,90,0,2,7,10
06:42:31,29.47,60.69,0,90,0,2,6,10
06:43:33,29.46,60.74,0,90,0,2,6,10
06:44:36,29.46,60.8,0,90,0,2,7,10
06:45:39,29.47,60.78,0,90,0,2,6,10
06:46:42,29.47,60.87,0,90,0,2,7,10
06:47:45,29.47,60.72,0,90,0,2,7,10
06:48:47,29.47,60.8,0,90,0,2,6,10
06:49:51,29.46,60.84,0,90,0,2,7,10
06:50:53,29.46,60.75,0,90,0,2,8,10
06:51:55,29.46,60.86,0,90,0,2,8,10
06:52:58,29.47,60.83,0,90,0,2,8,10
06:55:03,29.46,60.83,0,90,0,4,7,10
06:56:07,29.47,60.77,0,90,0,4,7,10
06:57:08,29.46,60.76,0,90,0,4,6,10
06:58:10,29.47,60.89,0,90,0,5,6,10
06:59:15,29.47,60.76,0,90,0,5,7,10
07:00:16,29.47,60.81,0,90,0,5,7,10
07:01:18,29.48,60.81,0,90,0,5,7,10
07:02:23,29.47,60.76,0,90,0,7,7,10
07:03:24,29.47,60.79,0,90,0,8,8,10
07:04:26,29.47,60.71,0,90,0,11,7,10
07:05:29,29.48,60.81,0,90,0,12,7,10
07:06:32,29.48,60.71,0,90,0,12,7,10
07:07:34,29.48,60.79,0,90,0,16,8,10
07:08:36,29.49,60.78,0,90,0,30,6,10
07:09:38,29.5,60.74,0,90,0,32,8,10
07:10:41,29.5,60.61,0,90,0,15,7,10
07:11:43,29.5,60.58,0,90,0,11,7,10
07:12:46,29.5,60.68,0,90,0,11,7,10
07:13:49,29.52,60.71,0,90,0,9,7,10
07:14:51,29.52,60.63,0,90,0,8,7,10
07:15:53,29.52,60.76,0,90,0,8,6,10
07:16:55,29.52,60.69,0,90,0,7,6,10
07:17:58,29.52,60.7,0,90,0,5,6,10
07:19:01,29.52,60.64,0,90,0,5,6,10
07:20:03,29.53,60.55,0,90,0,5,6,10
07:21:06,29.53,60.58,0,90,0,5,6,10
07:22:09,29.54,60.54,0,90,0,7,7,10
07:23:11,29.54,60.53,0,90,0,8,7,10
07:24:14,29.53,60.61,0,90,0,9,7,10
07:25:17,29.54,60.48,0,90,0,9,6,10
07:26:22,29.54,60.54,0,90,0,9,6,10
07:27:23,29.55,60.61,0,90,0,9,8,10
07:28:25,29.55,60.59,0,90,0,8,6,10
07:29:28,29.55,60.6,0,90,0,7,8,10
07:30:31,29.56,60.58,0,90,0,12,6,10
07:31:35,29.56,60.65,0,90,0,19,7,10
07:32:36,29.56,60.7,0,90,0,8,7,10
07:33:39,29.56,60.69,0,90,0,5,6,10
07:34:43,29.56,60.61,0,90,0,5,6,10
07:35:44,29.56,60.63,0,90,0,4,6,10
07:36:46,29.56,60.5,0,90,0,4,6,10
07:37:50,29.57,60.59,0,90,0,4,6,10
07:38:51,29.58,60.6,0,90,0,4,6,10
07:39:54,29.58,60.5,0,90,0,5,6,10
07:40:58,29.58,60.56,0,90,0,7,7,10
07:42:00,29.59,60.69,0,90,0,8,6,10
07:43:01,29.59,60.74,0,90,0,9,7,10
07:44:05,29.59,60.79,0,90,0,15,6,10
07:45:06,29.6,60.53,0,90,0,18,6,10
07:46:08,29.6,60.6,0,90,0,22,7,10
07:47:12,29.6,60.73,0,90,0,25,7,10
07:48:14,29.61,60.69,0,90,0,37,6,10
07:49:16,29.61,60.59,0,90,0,26,6,10
07:50:19,29.62,60.62,0,90,0,35,7,10
07:51:22,29.62,60.55,0,90,0,28,6,10
07:52:25,29.63,60.61,0,90,0,22,6,10
07:53:27,29.64,60.51,0,90,0,15,6,10
07:54:31,29.64,60.42,0,90,0,15,6,10
07:55:33,29.64,60.68,0,90,0,22,6,10
07:56:36,29.65,60.44,0,90,0,29,6,10
07:57:39,29.66,60.46,0,90,0,28,7,10
07:58:42,29.67,60.43,0,90,0,25,6,10
07:59:45,29.67,60.49,0,90,0,22,6,10
08:00:48,29.66,60.34,0,90,0,19,6,10
08:01:49,29.66,60.45,0,90,0,15,7,10
08:02:52,29.67,60.41,0,90,0,15,7,10
08:03:55,29.67,60.5,0,90,0,14,6,10
08:04:57,29.67,60.46,0,90,0,12,6,10
08:05:59,29.67,60.61,0,90,0,14,7,10
08:07:03,29.67,60.69,0,90,0,68,6,10
08:09:07,29.68,60.65,0,90,0,33,5,10
08:10:12,29.69,60.72,0,90,0,43,6,10
08:11:13,29.69,60.7,0,90,0,37,6,10
08:12:16,29.7,60.68,0,90,0,25,6,10
08:13:19,29.72,60.65,0,90,0,19,6,10
08:14:21,29.71,60.66,0,45,0,18,6,10
08:15:24,29.7,60.85,0,45,0,12,7,10
08:16:27,29.65,60.37,0,45,0,322,6,10
08:17:28,29.58,59.46,0,45,0,364,7,10
08:18:30,29.46,58.55,0,45,0,376,7,10
08:19:35,29.33,57.55,0,45,0,385,6,10
08:21:39,29.07,56.05,0,45,0,376,7,10
08:22:41,28.94,55.28,0,45,0,378,6,10
08:23:45,28.78,55,0,45,0,376,6,10
08:24:46,28.65,53.86,0,45,0,382,7,10
08:25:50,28.52,53.62,0,45,0,394,7,10
08:26:51,28.37,53.67,0,45,0,410,7,10
08:27:54,28.28,54.83,0,45,0,400,5,10
08:28:58,28.26,55.5,0,45,0,403,6,10
08:30:00,28.27,56.4,0,45,0,413,5,10
08:31:02,28.29,57.42,0,45,0,420,6,10
08:32:04,28.31,57.8,0,45,0,413,5,10
08:33:07,28.32,56.42,0,45,0,438,5,10
08:34:09,28.31,55.18,0,45,0,431,5,10
08:35:14,28.29,53.39,0,45,0,410,6,10
08:36:15,28.25,52.97,0,45,0,385,7,10
08:37:17,28.22,55.11,0,45,0,428,6,10
08:38:21,28.22,56.26,0,45,0,410,7,10
08:39:22,28.24,56.95,0,45,0,413,7,10
08:40:24,28.26,57.28,0,45,0,408,5,10
08:41:29,28.29,56.8,0,45,0,387,5,10
08:42:30,28.29,55.55,0,45,0,387,6,10
08:43:33,28.27,54.01,0,45,0,387,5,10
08:44:37,28.21,53.14,0,45,0,387,6,10
08:45:38,28.18,53.01,0,45,0,404,6,10
08:46:40,28.18,54.73,0,45,0,390,6,10
08:47:43,28.2,55.63,0,45,0,387,5,10
08:48:45,28.22,56.28,0,45,0,424,6,10
08:49:47,28.25,56.85,0,45,0,386,6,10
08:50:52,28.26,56.79,0,45,0,428,6,10
08:51:53,28.23,55.77,0,45,0,422,6,10
08:52:55,28.17,54.52,0,45,0,428,6,10
08:54:00,28.1,53.29,0,45,0,394,5,10
08:55:01,28.05,52.71,0,45,0,390,6,10
08:56:04,28.02,53.4,0,45,0,390,6,10
08:57:07,28.03,54.76,0,45,0,428,6,10
08:58:09,28.06,55.36,0,45,0,403,6,10
08:59:11,28.09,56.32,0,45,0,403,5,10
09:00:14,28.12,56.86,0,45,0,414,6,10
09:01:16,28.14,57.33,0,45,0,418,6,10
09:02:19,28.11,56.37,0,45,0,422,6,10
09:03:23,28.07,55.14,0,45,0,414,6,10
09:04:24,28.04,53.67,0,45,0,399,5,10
09:05:27,28.01,52.92,0,45,0,387,6,10
09:06:31,27.98,53.13,0,45,0,422,6,10
09:07:32,27.98,54.93,0,45,0,413,5,10
09:08:35,28.01,55.4,0,45,0,420,5,10
09:09:38,28.04,56.39,0,45,0,435,6,10
09:10:40,28.06,56.95,0,45,0,414,7,10
09:11:42,28.08,57.32,0,45,0,410,5,10
09:12:46,28.08,56.26,0,45,0,406,7,10
09:13:49,28.06,55.07,0,45,0,406,5,10
09:14:51,28.02,53.73,0,45,0,420,7,10
09:15:54,27.98,52.82,0,45,0,400,5,10
09:16:56,27.93,52.93,0,45,0,431,7,10
09:17:59,27.93,54.1,0,45,0,427,5,10
09:19:02,27.96,55.29,0,45,0,417,6,10
09:20:04,27.99,55.98,0,45,0,400,7,10
09:21:06,28.03,56.61,0,45,0,450,5,10
09:22:09,28.07,57.44,0,45,0,435,6,10
09:23:11,28.06,56.39,0,45,0,438,6,10
09:24:14,28.02,55.57,0,45,0,435,5,10
09:25:17,28,54,0,45,0,418,5,10
09:26:21,27.98,52.95,0,45,0,431,5,10
09:27:22,27.95,52.47,0,45,0,417,6,10
09:28:24,27.94,53.77,0,45,0,392,6,10
09:29:27,27.97,54.47,0,45,0,399,6,10
09:30:31,28.01,55.01,0,45,0,387,5,10
09:31:32,28.05,56.31,0,45,0,390,7,10
09:32:35,28.09,57.15,0,45,0,386,5,10
09:33:39,28.08,56.79,0,45,0,382,7,10
09:34:41,28.06,55.56,0,45,0,382,7,10
09:35:44,28.04,54.26,0,45,0,382,5,10
09:36:47,28,53.14,0,45,0,385,5,10
09:37:50,27.95,52.35,0,45,0,385,5,10
09:38:52,27.92,52.98,0,45,0,387,7,10
09:39:55,27.94,54.21,0,45,0,390,6,10
09:40:58,27.97,55.48,0,45,0,392,6,10
09:42:00,28,56.11,0,45,0,392,6,10
09:43:03,28.02,57.03,0,45,0,387,6,10
09:44:06,28.03,57.46,0,45,0,387,6,10
09:45:08,28,56.57,0,45,0,390,5,10
09:46:11,27.96,55.43,0,45,0,386,7,10
09:47:14,27.94,54.12,0,45,0,387,6,10
09:48:16,27.9,53.01,0,45,0,390,5,10
09:49:19,27.87,52.86,0,45,0,390,7,10
09:50:22,27.85,53.61,0,45,0,396,7,10
09:51:25,27.88,54.39,0,45,0,404,6,10
09:52:27,27.93,55.65,0,45,0,408,5,10
09:53:30,27.96,56.71,0,45,0,408,6,10
09:54:32,27.97,57.29,0,45,0,404,5,10
09:55:35,27.99,57.35,0,45,0,400,5,10
09:56:38,27.98,56.29,0,45,0,394,6,10
09:57:41,27.95,55.24,0,45,0,392,6,10
09:58:43,27.93,53.85,0,45,0,396,6,10
09:59:47,27.88,52.95,0,45,0,390,7,10
10:00:48,27.85,53.05,0,45,0,392,5,10
10:01:51,27.85,54.4,0,45,0,392,5,10
10:02:55,27.87,55.21,0,45,0,390,5,10
10:03:56,27.91,56.06,0,45,0,387,5,10
10:05:00,27.94,56.68,0,45,0,387,5,10
10:06:01,27.96,57.46,0,45,0,386,7,10
10:07:03,27.98,57.4,0,45,0,386,5,10
10:08:07,27.97,56.26,0,45,0,400,6,10
10:09:08,27.95,55.13,0,45,0,420,6,10
10:10:11,27.91,53.66,0,45,0,431,5,10
10:11:15,27.89,52.8,0,45,0,438,5,10
10:12:16,27.85,53.14,0,45,0,427,5,10
10:13:18,27.86,54.46,0,45,0,435,6,10
10:14:21,27.9,54.85,0,45,0,427,5,10
10:15:23,27.94,55.55,0,45,0,438,5,10
10:16:25,27.99,56.36,0,45,0,441,5,10
10:17:30,28.02,56.89,0,45,0,441,7,10
10:18:30,28.04,56.8,0,45,0,431,6,10
10:19:33,28.01,55.75,0,45,0,418,6,10
10:20:37,27.98,54.67,0,45,0,394,5,10
10:21:38,27.95,53.28,0,45,0,392,5,10
10:22:41,27.93,52.31,0,45,0,396,6,10
10:23:44,27.89,52.81,0,45,0,406,6,10
10:24:45,27.89,53.4,0,45,0,408,5,10
10:25:48,27.93,54.67,0,45,0,390,6,10
10:26:51,27.97,55.62,0,45,0,392,6,10
10:27:55,28.01,56.4,0,45,0,406,6,10
10:28:56,28.03,56.96,0,45,0,406,5,10
10:29:59,28.02,56.35,0,45,0,404,5,10
10:31:01,28,55.14,0,45,0,403,6,10
10:32:02,27.98,53.73,0,45,0,390,5,10
10:33:06,27.93,52.72,0,45,0,387,5,10
10:34:08,27.89,52.56,0,45,0,394,5,10
10:35:10,27.88,53.32,0,45,0,404,6,10
10:36:12,27.91,54.93,0,45,0,406,6,10
10:37:15,27.92,55.33,0,45,0,408,7,10
10:38:17,27.98,56.07,0,45,0,410,5,10
10:39:21,28.02,56.53,0,45,0,408,6,10
10:40:23,28.05,57.1,0,45,0,417,6,10
10:41:25,28.03,55.95,0,45,0,413,5,10
10:42:29,28.01,54.73,0,45,0,414,5,10
10:43:30,27.97,53.27,0,45,0,418,6,10
10:44:32,27.93,52.37,0,45,0,394,6,10
10:45:37,27.91,52.45,0,45,0,417,7,10
10:46:38,27.91,54.33,0,45,0,432,6,10
10:47:40,27.94,54.7,0,45,0,428,7,10
10:48:44,27.97,55.49,0,45,0,414,5,10
10:49:45,28,56.3,0,45,0,394,5,10
10:50:48,28.03,57.05,0,45,0,427,6,10
10:51:52,28.05,56.85,0,45,0,424,6,10
10:52:53,28.04,55.66,0,45,0,387,6,10
10:53:55,28.02,54.5,0,45,0,394,6,10
10:54:58,28,53.24,0,45,0,414,6,10
10:56:02,27.96,52.33,0,45,0,427,6,10
10:57:04,27.92,52.5,0,45,0,422,6,10
10:58:06,27.93,53.9,0,45,0,394,6,10
10:59:10,27.97,54.2,0,45,0,386,6,10
11:00:11,28.02,55.67,0,45,0,387,6,10
11:01:15,28.04,56.21,0,45,0,390,5,10
11:02:16,28.06,56.82,0,45,0,408,7,10
11:03:18,28.07,56.31,0,45,0,399,5,10
11:04:22,28.02,55.19,0,45,0,413,6,10
11:05:24,27.99,53.91,0,45,0,399,7,10
11:06:27,27.98,52.74,0,45,0,392,5,10
11:07:30,27.93,52.03,0,45,0,392,6,10
11:08:33,27.91,53.5,0,45,0,428,6,10
11:09:35,27.93,54.06,0,45,0,418,6,10
11:10:39,27.96,54.34,0,45,0,410,6,10
11:11:42,28.01,55.28,0,45,0,432,5,10
11:12:44,28.06,56.02,0,45,0,431,6,10
11:13:48,28.09,56.59,0,45,0,422,7,10
11:14:49,28.08,55.8,0,45,0,394,5,10
11:15:51,28.06,54.44,0,45,0,399,5,10
11:16:56,28.04,53.15,0,45,0,422,7,10
11:17:57,28.01,52.12,0,45,0,408,6,10
11:18:59,27.97,51.77,0,45,0,396,7,10
11:20:02,27.97,52.85,0,45,0,427,6,10
11:21:06,28,53.92,0,45,0,424,6,10
11:22:08,28.03,54.72,0,45,0,420,6,10
11:23:11,28.07,55.64,0,45,0,413,6,10
11:24:13,28.1,56.31,0,45,0,394,5,10
11:25:15,28.1,55.63,0,45,0,414,6,10
11:26:17,28.07,54.54,0,45,0,406,6,10
11:27:20,28.05,53.14,0,45,0,387,6,10
11:28:23,28.02,52.2,0,45,0,390,6,10
11:29:26,27.98,51.54,0,45,0,406,5,10
11:30:28,27.97,52.62,0,45,0,410,5,10
11:31:31,27.99,53.4,0,45,0,390,5,10
11:32:34,28.02,54.52,0,45,0,390,7,10
11:33:38,28.07,55.63,0,45,0,390,6,10
11:34:39,28.07,56.16,0,45,0,386,6,10
11:35:41,28.07,56.16,0,45,0,385,7,10
11:36:44,28.06,54.83,0,45,0,385,6,10
11:37:48,28.04,53.69,0,45,0,390,7,10
11:38:49,28.02,52.44,0,45,0,386,6,10
11:39:52,27.97,51.4,0,45,0,387,6,10
11:40:53,27.94,51.82,0,45,0,387,6,10
11:41:56,27.96,53.28,0,45,0,386,6,10
11:43:00,27.99,53.67,0,45,0,392,6,10
11:44:03,28.03,54.99,0,45,0,387,6,10
11:45:04,28.05,55.49,0,45,0,386,6,10
11:46:08,28.08,56.17,0,45,0,386,6,10
11:47:09,28.07,55.64,0,45,0,385,6,10
11:48:12,28.06,54.46,0,45,0,382,6,10
11:49:16,28.03,53.03,0,45,0,385,6,10
11:50:17,27.99,52.15,0,45,0,386,6,10
11:51:19,27.94,51.58,0,45,0,390,5,10
11:52:24,27.93,52.78,0,45,0,394,6,10
11:53:25,27.96,53.3,0,45,0,399,5,10
11:54:26,27.99,54.55,0,45,0,414,6,10
11:55:30,28.02,55.17,0,45,0,406,6,10
11:56:31,28.06,55.92,0,45,0,408,6,10
11:57:34,28.09,56.46,0,45,0,404,6,10
11:58:37,28.08,55.59,0,45,0,400,6,10
11:59:41,28.05,54.37,0,45,0,394,5,10
12:00:42,28,53.25,0,45,0,394,6,10
12:01:44,27.95,52.23,0,45,0,392,5,10
12:02:48,27.91,52.12,0,45,0,394,5,10
12:03:50,27.91,53.5,0,45,0,396,6,10
12:04:52,27.93,54.2,0,45,0,396,5,10
12:05:56,27.96,55.02,0,45,0,399,6,10
12:06:57,28,55.82,0,45,0,394,7,10
12:08:00,28.03,56.05,0,45,0,386,7,10
12:09:03,28.05,56.42,0,45,0,386,5,10
12:10:04,28.04,55.44,0,45,0,387,7,10
12:11:07,28.02,54.39,0,45,0,386,6,10
12:13:12,27.95,51.92,0,45,0,390,8,10
12:14:16,27.91,52.29,0,45,0,392,6,10
12:15:17,27.92,53.5,0,45,0,390,5,10
12:17:22,27.95,55.07,0,45,0,394,7,10
12:18:25,27.99,55.93,0,45,0,392,7,10
12:19:27,28.03,56.34,0,45,0,392,6,10
12:20:30,28.03,55.96,0,45,0,392,5,10
12:21:33,28.02,55.57,0,45,0,392,7,10
12:22:35,28.03,55.14,0,45,0,392,6,10
12:23:38,28.06,55.05,0,45,0,394,6,10
12:24:41,28.11,54.54,0,45,0,396,6,10
12:25:43,28.15,54.52,0,45,0,396,6,10
12:26:45,28.21,54.55,0,45,0,396,7,10
12:27:50,28.27,54.5,0,45,0,392,6,10
12:28:51,28.34,54.59,0,45,0,390,6,10
12:29:54,28.39,54.46,0,45,0,390,6,10
12:30:58,28.45,54.3,0,45,0,387,6,10
12:32:00,28.52,54.19,0,45,0,390,6,10
12:33:03,28.58,54.3,0,45,0,394,5,10
12:34:05,28.64,54.21,0,45,0,394,5,10
12:35:08,28.69,54.09,0,45,0,396,5,10
12:36:10,28.74,54.2,0,45,0,394,5,10
12:37:13,28.8,53.93,0,45,0,394,6,10
12:38:16,28.84,54.15,0,45,0,396,5,10
12:39:19,28.89,53.74,0,45,0,399,6,10
12:40:24,28.94,53.96,0,45,0,394,6,10
12:41:25,28.99,53.75,0,45,0,394,5,10
12:42:27,29.03,53.82,0,45,0,394,6,10
12:43:31,29.08,53.73,0,45,0,396,5,10
12:44:32,29.12,53.57,0,45,0,394,5,10
12:45:35,29.15,53.33,0,45,0,394,7,10
12:46:39,29.2,53.67,0,45,0,394,5,10
12:48:42,29.27,53.4,0,45,0,394,6,10
12:49:45,29.3,53.39,0,45,0,394,6,10
12:50:48,29.34,53.73,0,45,0,394,6,10
12:51:50,29.36,53.58,0,45,0,392,6,10
12:52:52,29.4,53.35,0,45,0,392,5,10
12:53:56,29.43,53.28,0,45,0,392,5,10
12:54:57,29.45,53.53,0,45,0,392,6,10
12:56:00,29.49,53.65,0,45,0,392,6,10
12:57:03,29.52,53.59,0,45,0,392,6,10
12:58:04,29.55,53.49,0,45,0,394,5,10
12:59:08,29.58,53.53,0,45,0,394,6,10
13:00:09,29.61,53.52,0,45,0,392,5,10
13:01:11,29.63,53.58,0,45,0,396,7,10
13:02:16,29.65,53.63,0,45,0,399,6,10
13:03:17,29.68,53.48,0,45,0,399,7,10
13:04:20,29.69,53.42,0,45,0,399,4,10
13:05:23,29.72,54.39,0,45,0,396,7,10
13:06:26,29.72,54.03,0,45,0,396,5,10
13:07:27,29.68,53.84,0,45,0,396,7,10
13:08:30,29.58,53.32,0,45,0,394,7,10
13:09:34,29.44,52.39,0,45,0,394,5,10
13:10:36,29.32,52.1,0,45,0,394,6,10
13:11:38,29.18,51.35,0,45,0,396,6,10
13:12:42,29.07,50.62,0,45,0,396,6,10
13:13:44,28.92,50.03,0,45,0,396,6,10
13:14:46,28.75,49.33,0,45,0,399,5,10
13:15:50,28.62,48.93,0,45,0,399,5,10
13:16:51,28.48,48.82,0,45,0,400,5,10
13:17:54,28.4,49.94,0,45,0,399,6,10
13:18:56,28.37,51.28,0,45,0,396,5,10
13:21:02,28.37,53.33,0,45,0,396,5,10
13:22:06,28.35,53.53,0,45,0,394,5,10
13:23:07,28.33,52.57,0,45,0,394,5,10
13:24:10,28.25,51.9,0,45,0,394,5,10
13:25:14,28.17,51.11,0,45,0,392,6,10
13:26:16,28.05,50.38,0,45,0,392,5,10
13:27:18,27.93,51.06,0,45,0,394,5,10
13:28:21,27.89,52.21,0,45,0,392,5,10
13:29:25,27.9,53.3,0,45,0,392,5,10
13:30:26,27.92,53.88,0,45,0,394,5,10
13:31:29,27.96,54.73,0,45,0,392,6,10
13:32:31,27.98,55.24,0,45,0,394,6,10
13:33:34,27.98,54.77,0,45,0,396,6,10
13:34:37,27.95,53.83,0,45,0,396,5,10
13:35:40,27.92,52.83,0,45,0,392,5,10
13:36:42,27.84,52.04,0,45,0,392,5,10
13:37:46,27.75,51.64,0,45,0,392,4,10
13:38:47,27.7,52.62,0,45,0,394,5,10
13:39:50,27.69,53.89,0,45,0,394,6,10
13:40:54,27.7,54.72,0,45,0,396,5,10
13:41:55,27.71,55.3,0,45,0,399,5,10
13:42:58,27.73,55.98,0,45,0,396,4,10
13:44:01,27.76,56.19,0,45,0,396,5,10
13:45:05,27.76,55.29,0,45,0,396,5,10
13:46:07,27.75,54.47,0,45,0,396,5,10
13:47:10,27.7,53.34,0,45,0,394,4,10
13:48:13,27.65,52.38,0,45,0,394,5,10
13:49:16,27.6,52.63,0,45,0,394,5,10
13:51:21,27.59,54.5,0,45,0,390,5,10
13:52:24,27.61,55.34,0,45,0,390,5,10
13:53:26,27.64,55.94,0,45,0,386,4,10
13:54:30,27.68,56.63,0,45,0,385,4,10
13:55:32,27.71,56.58,0,45,0,382,4,10
13:56:35,27.72,55.58,0,45,0,382,4,10
13:57:38,27.71,54.66,0,45,0,382,4,10
13:58:40,27.67,53.62,0,45,0,382,6,10
13:59:43,27.61,52.83,0,45,0,382,4,10
14:00:48,27.55,52.94,0,45,0,382,4,10
14:01:49,27.53,54.03,0,45,0,382,4,10
14:02:50,27.52,55.06,0,45,0,382,5,10
14:03:54,27.53,55.74,0,45,0,380,5,10
14:04:56,27.57,56.27,0,45,0,380,4,10
14:05:58,27.61,56.93,0,45,0,378,4,10
14:07:03,27.65,57.22,0,45,0,378,4,10
14:08:03,27.66,56.61,0,45,0,378,4,10
14:09:06,27.64,55.55,0,45,0,378,4,10
14:10:10,27.6,54.74,0,45,0,376,4,10
14:11:11,27.56,53.74,0,45,0,378,5,10
14:12:14,27.48,53.61,0,45,0,378,4,10
14:13:17,27.46,54.59,0,45,0,378,4,10
14:14:21,27.47,55.67,0,45,0,378,4,10
14:15:23,27.49,56.33,0,45,0,378,5,10
14:16:25,27.53,56.98,0,45,0,376,4,10
14:17:29,27.56,57.43,0,45,0,378,5,10
14:18:30,27.6,58.06,0,45,0,376,5,10
14:19:32,27.62,57.68,0,45,0,376,5,10
14:20:36,27.61,56.61,0,45,0,373,4,10
14:21:38,27.57,55.7,0,45,0,373,5,10
14:22:40,27.53,54.57,0,45,0,373,4,10
14:23:43,27.47,53.72,0,45,0,376,5,10
14:24:45,27.43,54.58,0,45,0,376,5,10
14:25:49,27.43,55.65,0,45,0,373,4,10
14:26:52,27.45,56.4,0,45,0,373,5,10
14:28:57,27.48,57.66,0,45,0,372,4,10
14:30:00,27.5,58.15,0,45,0,372,4,10
14:31:02,27.54,58.68,0,45,0,369,5,10
14:32:05,27.55,58.44,0,45,0,369,5,10
14:33:08,27.56,57.43,0,45,0,369,5,10
14:34:10,27.53,56.32,0,45,0,368,5,10
14:35:13,27.48,55.26,0,45,0,368,5,10
14:36:17,27.42,54.46,0,45,0,369,4,10
14:37:18,27.38,54.69,0,45,0,369,5,10
14:38:21,27.39,55.93,0,45,0,369,5,10
14:39:25,27.39,56.54,0,45,0,369,4,10
14:40:26,27.41,57.27,0,45,0,369,4,10
14:41:28,27.44,57.94,0,45,0,369,4,10
14:42:32,27.47,58.43,0,45,0,368,4,10
14:43:34,27.5,58.93,0,45,0,368,5,10
14:44:36,27.52,59.02,0,45,0,368,5,10
14:45:39,27.53,57.99,0,45,0,366,4,10
14:46:42,27.5,56.88,0,45,0,368,4,10
14:47:45,27.44,55.8,0,45,0,368,4,10
14:48:49,27.37,54.81,0,45,0,368,5,10
14:49:50,27.3,55.34,0,45,0,369,5,10
14:50:52,27.27,56.52,0,45,0,369,5,10
14:51:56,27.29,57.29,0,45,0,372,5,10
14:52:57,27.3,57.91,0,45,0,372,5,10
14:54:00,27.34,58.48,0,45,0,373,4,10
14:55:02,27.36,58.97,0,45,0,373,5,10
14:56:05,27.39,59.34,0,45,0,373,5,10
14:57:08,27.43,59.69,0,45,0,372,4,10
14:58:11,27.46,59.09,0,45,0,373,5,10
14:59:15,27.46,57.74,0,45,0,376,5,10
15:00:16,27.42,56.97,0,45,0,376,5,10
15:01:18,27.36,55.92,0,45,0,378,4,10
15:02:23,27.28,55.97,0,45,0,378,4,10
15:03:25,27.27,56.81,0,45,0,378,6,10
15:04:26,27.27,57.79,0,45,0,380,5,10
15:05:29,27.29,58.34,0,45,0,380,5,10
15:06:32,27.32,59.01,0,45,0,382,4,10
15:07:34,27.36,59.45,0,45,0,382,4,10
15:08:36,27.4,59.92,0,45,0,382,5,10
15:09:40,27.44,60.08,0,45,0,380,5,10
15:10:41,27.46,59.16,0,45,0,380,5,10
15:11:44,27.45,58,0,45,0,378,5,10
15:12:48,27.42,56.9,0,45,0,378,5,10
15:13:49,27.35,55.97,0,45,0,380,6,10
15:14:52,27.29,55.55,0,45,0,380,6,10
15:16:56,27.26,57.24,0,45,0,382,5,10
15:17:58,27.29,58.13,0,45,0,382,4,10
15:19:02,27.34,58.63,0,45,0,382,5,10
15:20:04,27.38,59.38,0,45,0,385,4,10
15:21:06,27.42,59.79,0,45,0,386,5,10
15:22:10,27.46,60.1,0,45,0,385,5,10
15:23:11,27.49,59.43,0,45,0,385,4,10
15:24:14,27.47,58.23,0,45,0,385,5,10
15:25:16,27.44,57.19,0,45,0,385,6,10
15:26:19,27.4,56.29,0,45,0,385,5,10
15:27:21,27.34,55.77,0,45,0,385,5,10
15:28:24,27.3,56.81,0,45,0,385,5,10
15:29:27,27.3,57.52,0,45,0,385,4,10
15:30:31,27.32,58.3,0,45,0,385,5,10
15:31:32,27.35,58.8,0,45,0,382,5,10
15:32:34,27.38,59.47,0,45,0,385,4,10
15:33:37,27.41,59.79,0,45,0,382,4,10
15:34:39,27.44,60.18,0,45,0,382,4,10
15:35:41,27.46,59.46,0,45,0,382,5,10
15:36:44,27.45,58.19,0,45,0,382,4,10
15:37:48,27.43,56.93,0,45,0,380,5,10
15:38:50,27.38,56.13,0,45,0,382,5,10
15:39:53,27.31,55.58,0,45,0,382,5,10
15:40:55,27.27,56.58,0,45,0,382,4,10
15:41:58,27.27,57.62,0,45,0,382,4,10
15:43:00,27.29,58.21,0,45,0,382,4,10
15:44:04,27.32,58.83,0,45,0,382,6,10
15:45:05,27.35,59.35,0,45,0,382,5,10
15:46:08,27.4,59.75,0,45,0,380,6,10
15:47:11,27.44,60,0,45,0,378,5,10
15:48:13,27.47,59.32,0,45,0,380,4,10
15:49:16,27.46,58.2,0,45,0,378,5,10
15:50:18,27.42,57.3,0,45,0,378,5,10
15:51:20,27.37,56.05,0,45,0,380,4,10
15:52:24,27.31,55.66,0,45,0,380,5,10
15:53:26,27.3,56.28,0,45,0,378,5,10
15:54:27,27.29,57.34,0,45,0,378,5,10
15:55:30,27.32,58.19,0,45,0,378,5,10
15:56:34,27.35,58.72,0,45,0,380,5,10
15:57:35,27.38,59.25,0,45,0,380,5,10
15:58:38,27.42,59.69,0,45,0,380,5,10
15:59:41,27.45,60.07,0,45,0,376,6,10
16:00:43,27.47,59.59,0,45,0,376,5,10
16:01:45,27.47,58.68,0,45,0,376,4,10
16:02:49,27.44,57.65,0,45,0,376,5,10
16:03:51,27.39,56.58,0,45,0,373,5,10
16:04:54,27.34,55.77,0,45,0,373,5,10
16:05:57,27.29,56.05,0,45,0,373,6,10
16:07:00,27.29,57.35,0,45,0,373,4,10
16:08:03,27.3,57.97,0,45,0,373,6,10
16:09:05,27.32,58.7,0,45,0,373,4,10
16:10:07,27.35,59.21,0,45,0,373,6,10
16:11:10,27.39,59.73,0,45,0,372,5,10
16:12:12,27.43,59.95,0,45,0,372,4,10
16:13:15,27.48,59.87,0,45,0,373,4,10
16:14:17,27.5,59.04,0,45,0,373,6,10
16:15:20,27.48,58.12,0,45,0,376,6,10
16:16:22,27.44,56.77,0,45,0,376,5,10
16:17:25,27.39,56.11,0,45,0,376,5,10
16:18:28,27.33,56.05,0,45,0,376,6,10
16:19:33,27.31,57.18,0,45,0,376,6,10
16:20:34,27.31,58.13,0,45,0,376,6,10
16:21:36,27.32,58.64,0,45,0,376,5,10
16:22:40,27.35,59.27,0,45,0,373,6,10
16:23:42,27.38,59.71,0,45,0,373,5,10
16:24:44,27.41,60.16,0,45,0,373,5,10
16:25:48,27.45,60.27,0,45,0,372,5,10
16:26:50,27.47,59.37,0,45,0,373,5,10
16:27:52,27.47,58.38,0,45,0,372,5,10
16:28:54,27.43,57.24,0,45,0,372,5,10
16:29:57,27.37,56.41,0,45,0,372,5,10
16:31:01,27.33,56.44,0,45,0,372,5,10
16:32:02,27.3,57.18,0,45,0,372,4,10
16:33:05,27.3,58.27,0,45,0,372,6,10
16:34:09,27.32,58.9,0,45,0,373,5,10
16:35:10,27.36,59.43,0,45,0,372,5,10
16:36:12,27.39,59.97,0,45,0,373,5,10
16:37:14,27.43,60.34,0,45,0,372,4,10
16:38:18,27.46,60.68,0,45,0,372,5,10
16:39:19,27.48,59.97,0,45,0,372,5,10
16:40:22,27.47,58.91,0,45,0,372,5,10
16:41:25,27.43,57.89,0,45,0,372,7,10
16:42:26,27.39,56.99,0,45,0,372,5,10
16:43:29,27.32,56.01,0,45,0,372,5,10
16:44:31,27.29,56.33,0,45,0,372,7,10
16:45:34,27.28,57.51,0,45,0,372,7,10
16:46:36,27.31,58.25,0,45,0,373,5,10
16:47:39,27.33,58.82,0,45,0,372,7,10
16:48:42,27.35,59.54,0,45,0,372,6,10
16:49:45,27.39,60.19,0,45,0,372,6,10
16:50:48,27.42,60.32,0,45,0,372,6,10
16:51:51,27.46,60.7,0,45,0,369,6,10
16:52:53,27.48,59.99,0,45,0,369,6,10
16:53:56,27.49,58.76,0,45,0,372,5,10
16:54:59,27.45,57.87,0,45,0,372,5,10
16:56:01,27.4,57.04,0,45,0,372,5,10
16:57:04,27.34,56.46,0,45,0,372,5,10
16:58:08,27.32,57.51,0,45,0,372,5,10
16:59:09,27.3,57.98,0,45,0,372,5,10
17:00:13,27.32,58.93,0,45,0,373,5,10
17:01:15,27.35,59.57,0,45,0,373,7,10
17:02:18,27.38,60.13,0,45,0,373,5,10
17:03:20,27.41,60.63,0,45,0,373,5,10
17:04:23,27.44,61.01,0,45,0,372,7,10
17:05:25,27.46,60.65,0,45,0,372,7,10
17:06:28,27.45,59.4,0,45,0,373,6,10
17:07:31,27.43,58.68,0,45,0,372,6,10
17:08:33,27.4,57.45,0,45,0,372,6,10
17:09:36,27.36,56.42,0,45,0,373,5,10
17:11:40,27.29,57.54,0,45,0,373,6,10
17:12:44,27.28,58.27,0,45,0,373,6,10
17:13:46,27.3,59.08,0,45,0,376,5,10
17:14:48,27.33,59.66,0,45,0,376,5,10
17:15:52,27.35,60.29,0,45,0,376,5,10
17:16:54,27.39,60.57,0,45,0,373,6,10
17:17:55,27.43,60.98,0,45,0,373,6,10
17:19:00,27.47,60.6,0,45,0,372,6,10
17:20:01,27.48,59.6,0,45,0,372,5,10
17:21:03,27.45,58.64,0,45,0,373,6,10
17:22:07,27.42,57.76,0,45,0,373,6,10
17:23:10,27.37,56.59,0,45,0,373,7,10
17:24:11,27.33,56.98,0,45,0,373,6,10
17:25:14,27.29,57.76,0,45,0,373,5,10
17:26:16,27.29,58.6,0,45,0,373,6,10
17:27:19,27.29,59.29,0,45,0,373,7,10
17:28:22,27.31,59.92,0,45,0,373,7,10
17:29:23,27.35,60.42,0,45,0,373,7,10
17:30:26,27.38,60.95,0,45,0,373,7,10
17:31:30,27.42,61.22,0,45,0,373,7,10
17:32:31,27.45,60.84,0,45,0,372,6,10
17:33:34,27.45,59.74,0,45,0,372,6,10
17:34:37,27.42,58.66,0,45,0,369,6,10
17:35:38,27.38,57.76,0,45,0,369,6,10
17:36:41,27.32,56.8,0,45,0,372,5,10
17:37:45,27.27,57.01,0,45,0,372,7,10
17:38:46,27.25,57.98,0,45,0,369,6,10
17:39:48,27.27,58.7,0,45,0,369,6,10
17:40:51,27.29,59.27,0,45,0,369,6,10
17:41:52,27.32,59.83,0,45,0,369,6,10
17:42:55,27.36,60.46,0,45,0,369,6,10
17:43:58,27.39,60.73,0,45,0,369,6,10
17:45:02,27.42,61.17,0,45,0,369,5,10
17:46:03,27.45,60.98,0,45,0,369,6,10
17:47:06,27.46,59.82,0,45,0,368,6,10
17:48:10,27.43,58.86,0,45,0,368,6,10
17:49:11,27.38,57.75,0,45,0,368,6,10
17:50:13,27.31,56.79,0,45,0,369,6,10
17:52:19,27.25,58.03,0,45,0,372,7,10
17:53:23,27.26,58.93,0,45,0,372,7,10
17:54:24,27.29,59.49,0,45,0,372,5,10
17:55:27,27.32,59.98,0,45,0,373,6,10
17:56:29,27.34,60.65,0,45,0,373,6,10
17:57:33,27.37,61.08,0,45,0,373,6,10
17:58:34,27.4,61.39,0,45,0,372,6,10
17:59:37,27.43,60.86,0,45,0,372,7,10
18:00:41,27.43,59.83,0,45,0,372,7,10
18:01:42,27.4,58.48,0,45,0,369,6,10
18:02:45,27.35,57.59,0,45,0,372,6,10
18:03:47,27.29,56.86,0,45,0,369,6,10
18:04:49,27.26,57.48,0,45,0,372,7,10
18:05:53,27.25,58.09,0,45,0,372,6,10
18:06:54,27.27,58.99,0,45,0,372,7,10
18:31:05,27.3,57.05,0,45,0,368,6,10
18:31:57,27.25,57.46,0,45,0,368,6,10
18:33:00,27.23,58.54,0,45,0,369,5,10
18:34:04,27.24,59.29,0,45,0,369,7,10
18:35:06,27.27,59.85,0,45,0,369,7,10
18:36:08,27.29,60.47,0,45,0,368,5,10
18:37:11,27.32,60.8,0,45,0,368,5,10
18:38:13,27.37,61.25,0,45,0,368,6,10
18:39:16,27.4,61.58,0,45,0,368,6,10
18:40:19,27.42,61.39,0,45,0,368,7,10
18:41:22,27.43,60.28,0,45,0,368,7,10
18:42:24,27.41,59,0,45,0,368,6,10
18:43:26,27.37,58.01,0,45,0,366,6,10
18:44:29,27.3,56.98,0,45,0,368,7,10
18:45:32,27.23,57.42,0,45,0,368,7,10
18:46:35,27.22,58.69,0,45,0,368,7,10
18:47:38,27.22,59.49,0,45,0,368,6,10
18:48:41,27.23,59.9,0,45,0,368,6,10
18:49:43,27.27,60.45,0,45,0,368,6,10
18:50:47,27.3,61.03,0,45,0,369,6,10
18:51:48,27.34,61.3,0,45,0,368,5,10
18:52:51,27.38,61.65,0,45,0,366,6,10
18:53:54,27.43,61.44,0,45,0,366,6,10
18:54:56,27.44,60.57,0,45,0,366,6,10
18:56:00,27.41,59.47,0,45,0,366,7,10
18:57:02,27.37,58.49,0,45,0,366,5,10
18:58:05,27.31,57.41,0,45,0,368,7,10
18:59:08,27.25,57.67,0,45,0,366,7,10
19:00:11,27.22,58.5,0,45,0,366,7,10
19:01:13,27.22,59.45,0,45,0,366,6,10
19:02:15,27.24,59.94,0,45,0,366,6,10
19:03:19,27.26,60.51,0,45,0,366,5,10
19:04:20,27.29,60.94,0,45,0,366,7,10
19:05:24,27.32,61.51,0,45,0,368,6,10
19:06:25,27.35,61.78,0,45,0,368,6,10
19:07:27,27.38,61.8,0,45,0,0,7,10
19:08:32,27.44,61.75,0,45,0,0,6,10
19:09:34,27.5,61.58,0,45,0,0,6,10
19:10:35,27.57,61.34,0,45,0,0,6,10
19:11:38,27.62,61.19,0,45,0,0,6,10
19:12:40,27.69,61.02,0,45,0,0,5,10
19:13:43,27.75,60.87,0,45,0,0,6,10
19:14:46,27.8,60.66,0,45,0,0,5,10
19:15:49,27.87,60.48,0,45,0,0,6,10
19:16:52,27.92,60.34,0,45,0,0,5,10
19:17:54,27.97,60.13,0,45,0,0,5,10
19:18:56,28.02,60.07,0,45,0,0,5,10
19:19:59,28.07,59.94,0,45,0,0,6,10
19:21:02,28.11,59.95,0,45,0,0,5,10
19:22:04,28.15,59.94,0,45,0,0,5,10
19:23:07,28.2,60.01,0,45,0,0,6,10
19:24:09,28.24,59.96,0,45,0,0,6,10
19:25:12,28.28,59.63,0,45,0,0,7,10
19:26:14,28.31,59.53,0,45,0,0,6,10
19:27:17,28.35,59.48,0,45,0,0,6,10
19:28:19,28.38,59.34,0,45,0,0,6,10
19:29:24,28.41,59.26,0,45,0,0,6,10
19:30:25,28.44,59.17,0,45,0,0,6,10
19:31:28,28.47,59.16,0,45,0,0,6,10
19:32:30,28.5,59,0,45,0,0,7,10
19:33:32,28.53,58.95,0,45,0,0,6,10
19:34:36,28.56,58.89,0,45,0,0,7,10
19:35:37,28.58,58.91,0,45,0,0,8,10
19:36:39,28.61,58.75,0,45,0,0,6,10
19:37:44,28.63,58.78,0,45,0,0,5,10
19:38:45,28.65,58.7,0,45,0,0,6,10
19:39:47,28.68,58.62,0,45,0,0,5,10
19:40:51,28.69,58.55,0,45,0,0,5,10
19:41:53,28.72,58.67,0,45,0,0,7,10
19:42:56,28.74,58.56,0,45,0,0,7,10
19:43:59,28.76,58.49,0,45,0,0,5,10
19:45:02,28.78,58.47,0,45,0,0,6,10
19:46:05,28.8,58.35,0,45,0,0,6,10
19:47:07,28.82,58.62,0,45,0,0,6,10
19:48:10,28.84,58.5,0,45,0,0,7,10
19:49:12,28.85,58.55,0,45,0,0,7,10
19:50:15,28.87,58.47,0,45,0,0,6,10
19:51:18,28.89,58.45,0,45,0,0,6,10
19:52:21,28.9,58.17,0,45,0,0,5,10
19:53:23,28.92,58.21,0,45,0,0,7,10
19:54:26,28.93,58.19,0,45,0,0,7,10
19:55:28,28.95,58.08,0,45,0,0,6,10
19:56:31,28.96,58.02,0,45,0,0,5,10
19:57:35,28.97,58.06,0,45,0,0,6,10
19:58:36,28.99,57.96,0,45,0,0,6,10
19:59:39,29,58.01,0,45,0,0,6,10
20:00:41,29.01,58.11,0,45,0,0,5,10
20:01:43,29.02,57.89,0,45,0,0,6,10
20:02:47,29.03,58.25,0,45,0,0,6,10
20:03:49,29.04,57.9,0,45,0,0,7,10
20:04:51,29.06,57.8,0,45,0,0,6,10
20:05:55,29.07,57.8,0,45,0,0,6,10
20:06:57,29.08,58.2,0,45,0,0,7,10
20:08:00,29.09,58.47,0,45,0,0,5,10
20:09:03,29.09,58.4,0,45,0,0,6,10
20:11:07,29.11,58.44,0,45,0,0,6,10
20:12:11,29.11,58.4,0,45,0,0,5,10
20:13:13,29.12,58.28,0,45,0,0,5,10
20:14:15,29.13,58.27,0,45,0,0,6,10
20:15:19,29.13,58.45,0,45,0,0,8,10
20:16:21,29.14,57.99,0,45,0,0,6,10
20:17:24,29.15,57.98,0,45,0,0,6,10
20:18:27,29.16,58.15,0,45,0,0,5,10
20:19:29,29.17,58,0,45,0,0,7,10
20:20:32,29.18,58.52,0,45,0,0,7,10
20:21:35,29.17,57.83,0,45,0,0,6,10
20:22:37,29.18,58.19,0,45,0,0,6,10
20:23:40,29.19,58.17,0,45,0,0,5,10
20:24:42,29.2,57.59,0,45,0,0,6,10
20:25:45,29.21,57.67,0,45,0,0,6,10
20:26:47,29.22,57.68,0,45,0,0,6,10
20:27:50,29.23,57.53,0,45,0,0,6,10
20:28:54,29.23,57.63,0,45,0,0,5,10
20:29:55,29.24,57.72,0,45,0,0,6,10
20:30:57,29.25,57.89,0,45,0,0,6,10
20:32:01,29.26,57.68,0,45,0,0,6,10
20:33:02,29.26,57.64,0,45,0,0,7,10
20:34:04,29.27,57.75,0,45,0,0,6,10
20:35:08,29.27,57.72,0,45,0,0,7,10
20:36:10,29.28,57.3,0,45,0,0,6,10
20:37:12,29.29,57.25,0,45,0,0,6,10
20:38:15,29.29,57.3,0,45,0,0,7,10
20:39:19,29.3,57.48,0,45,0,0,6,10
20:40:20,29.31,57.74,0,45,0,0,6,10
20:41:23,29.32,58.09,0,45,0,0,6,10
20:42:27,29.32,58.35,0,45,0,0,6,10
20:43:27,29.32,58.36,0,45,0,0,7,10
20:44:31,29.32,58.27,0,45,0,0,6,10
20:45:32,29.32,58.49,0,45,0,0,6,10
20:46:35,29.32,58.36,0,45,0,0,6,10
20:47:38,29.32,58.27,0,45,0,0,7,10
20:48:41,29.33,58.4,0,45,0,0,7,10
20:49:44,29.33,58.17,0,45,0,0,5,10
20:50:47,29.34,58.17,0,45,0,0,5,10
20:51:50,29.35,58.25,0,45,0,0,6,10
20:52:52,29.35,57.96,0,45,0,0,6,10
20:53:56,29.35,58.37,0,45,0,0,7,10
20:54:58,29.36,58.51,0,45,0,0,7,10
20:56:00,29.37,58.27,0,45,0,0,6,10
20:58:05,29.37,58.13,0,45,0,0,7,10
20:59:08,29.39,57.83,0,45,0,0,7,10
21:00:11,29.39,58.2,0,45,0,0,7,10
21:01:14,29.39,57.91,0,45,0,0,6,10
21:02:16,29.39,57.7,0,45,0,0,6,10
21:03:19,29.4,57.65,0,45,0,0,6,10
21:04:23,29.4,57.69,0,45,0,0,6,10
21:05:24,29.41,57.87,0,45,0,0,7,10
21:06:26,29.42,58.05,0,45,0,0,7,10
21:07:31,29.41,57.75,0,45,0,0,7,10
21:08:32,29.42,57.81,0,45,0,0,7,10
21:09:35,29.43,57.57,0,45,0,0,6,10
21:10:38,29.43,57.49,0,45,0,0,7,10
21:11:42,29.44,57.74,0,45,0,0,6,10
21:12:43,29.44,57.49,0,45,0,0,7,10
21:13:46,29.45,57.69,0,45,0,0,7,10
21:14:50,29.45,57.95,0,45,0,0,7,10
21:15:51,29.45,57.64,0,45,0,0,7,10
21:16:54,29.46,57.48,0,45,0,0,6,10
21:17:58,29.46,57.64,0,45,0,0,6,10
21:18:59,29.47,57.43,0,45,0,0,7,10
21:20:01,29.48,57.49,0,45,0,0,7,10
21:21:05,29.47,57.38,0,45,0,0,7,10
21:22:06,29.48,57.68,0,45,0,0,6,10
21:23:09,29.48,57.53,0,45,0,0,6,10
21:24:12,29.49,57.56,0,45,0,0,7,10
21:25:14,29.5,57.84,0,45,0,0,7,10
21:26:17,29.5,58,0,45,0,0,6,10
21:27:21,29.5,57.89,0,45,0,0,7,10
21:28:22,29.51,58,0,45,0,0,6,10
21:29:25,29.51,57.95,0,45,0,0,6,10
21:30:26,29.51,58.08,0,45,0,0,6,10
21:31:29,29.52,58.04,0,45,0,0,7,10
21:32:34,29.52,57.93,0,45,0,0,8,10
21:33:35,29.52,58.07,0,45,0,0,6,10
21:34:37,29.53,57.96,0,45,0,0,6,10
21:35:40,29.53,58.03,0,45,0,0,6,10
21:36:42,29.54,58.14,0,45,0,0,8,10
21:37:45,29.53,58.16,0,45,0,0,7,10
21:38:49,29.54,57.82,0,45,0,0,7,10
21:39:51,29.54,58.16,0,45,0,0,7,10
21:40:54,29.54,58.04,0,45,0,0,7,10
21:41:56,29.54,58.24,0,45,0,0,7,10
21:43:00,29.54,58.11,0,45,0,0,6,10
21:44:03,29.54,58.1,0,45,0,0,6,10
21:45:05,29.54,58.11,0,45,0,0,7,10
21:46:08,29.54,58.26,0,45,0,0,7,10
21:47:13,29.55,58.14,0,45,0,0,7,10
21:48:14,29.55,58.15,0,45,0,0,7,10
21:49:17,29.56,58.17,0,45,0,0,7,10
21:50:18,29.56,58.1,0,45,0,0,8,10
21:51:22,29.55,58.17,0,45,0,0,6,10
21:52:25,29.55,58.06,0,45,0,0,7,10
21:53:27,29.55,58.1,0,45,0,0,7,10
21:54:30,29.55,58.19,0,45,0,0,7,10
21:55:33,29.56,58.17,0,45,0,0,7,10
21:56:34,29.56,58.37,0,45,0,0,7,10
21:57:37,29.56,58.41,0,45,0,0,6,10
21:58:41,29.57,58.66,0,45,0,0,7,10
21:59:42,29.57,58.63,0,45,0,0,7,10
22:00:45,29.57,58.58,0,45,0,0,6,10
22:01:49,29.57,58.42,0,45,0,0,7,10
22:02:50,29.57,58.61,0,45,0,0,7,10
22:03:53,29.57,58.48,0,45,0,0,7,10
22:04:57,29.57,58.5,0,45,0,0,8,10
22:05:58,29.58,58.42,0,45,0,0,8,10
22:07:00,29.58,58.31,0,45,0,0,8,10
22:08:04,29.58,58.5,0,45,0,0,7,10
22:09:05,29.58,58.3,0,45,0,0,7,10
22:10:07,29.58,58.36,0,45,0,0,7,10
22:11:12,29.58,58.45,0,45,0,0,7,10
22:12:13,29.58,58.24,0,45,0,0,7,10
22:13:15,29.58,58.29,0,45,0,0,7,10
22:14:19,29.58,58.36,0,45,0,0,7,10
22:15:20,29.58,58.31,0,45,0,0,8,10
22:16:23,29.58,58.27,0,45,0,0,8,10
22:17:27,29.58,58.17,0,45,0,0,8,10
22:18:28,29.58,58.29,0,45,0,0,8,10
22:19:31,29.58,58.41,0,45,0,0,6,10
22:20:34,29.58,58.41,0,45,0,0,8,10
22:21:37,29.58,58.29,0,45,0,0,7,10
22:22:38,29.58,58.39,0,45,0,0,7,10
22:23:42,29.58,58.42,0,45,0,0,8,10
22:24:44,29.58,58.59,0,45,0,0,8,10
22:25:46,29.58,58.74,0,45,0,0,8,10
22:26:50,29.58,58.7,0,45,0,0,8,10
22:27:51,29.58,58.71,0,45,0,0,7,10
22:28:54,29.58,58.82,0,45,0,0,7,10
22:29:58,29.58,58.75,0,45,0,0,7,10
22:30:59,29.57,58.83,0,45,0,0,8,10
22:32:02,29.57,58.74,0,45,0,0,8,10
22:33:06,29.57,58.81,0,45,0,0,7,10
22:34:07,29.57,58.78,0,45,0,0,9,10
22:35:09,29.57,58.96,0,45,0,0,7,10
22:36:13,29.58,58.83,0,45,0,0,7,10
22:37:15,29.57,58.85,0,45,0,0,9,10
22:38:17,29.57,58.83,0,45,0,0,8,10
22:39:21,29.57,58.87,0,45,0,0,8,10
22:40:22,29.57,58.82,0,45,0,0,9,10
22:41:25,29.57,58.8,0,45,0,0,7,10
22:42:28,29.58,58.76,0,45,0,0,8,10
22:43:32,29.57,58.77,0,45,0,0,8,10
22:44:33,29.58,58.66,0,45,0,0,8,10
22:45:36,29.58,58.76,0,45,0,0,6,10
22:46:40,29.58,58.83,0,45,0,0,7,10
22:47:41,29.58,58.6,0,45,0,0,7,10
22:48:44,29.58,58.93,0,45,0,0,7,10
22:49:47,29.58,58.74,0,45,0,0,6,10
22:50:50,29.58,58.54,0,45,0,0,7,10
22:51:52,29.59,58.63,0,45,0,0,7,10
22:52:56,29.58,58.56,0,45,0,0,8,10
22:53:57,29.58,58.58,0,45,0,0,9,10
22:55:00,29.58,58.69,0,45,0,0,7,10
22:56:03,29.59,58.76,0,45,0,0,7,10
22:57:06,29.59,58.72,0,45,0,0,7,10
22:58:10,29.59,58.64,0,45,0,0,8,10
22:59:13,29.59,58.63,0,45,0,0,7,10
23:00:15,29.59,58.67,0,45,0,0,8,10
23:01:18,29.59,58.83,0,45,0,0,8,10
23:02:20,29.59,58.85,0,45,0,0,8,10
23:03:23,29.6,58.91,0,45,0,0,7,10
23:04:25,29.59,58.83,0,45,0,0,8,10
23:05:28,29.59,59.03,0,45,0,0,9,10
23:06:30,29.59,59.06,0,45,0,0,7,10
23:07:33,29.59,58.95,0,45,0,0,7,10
23:08:38,29.6,58.98,0,45,0,0,7,10
23:09:39,29.59,58.89,0,45,0,0,8,10
23:10:42,29.59,58.86,0,45,0,0,8,10
23:11:45,29.59,59.02,0,45,0,0,9,10
23:12:48,29.6,58.76,0,45,0,0,7,10
23:13:49,29.6,58.87,0,45,0,0,7,10
23:14:52,29.6,58.92,0,45,0,0,6,10
23:16:57,29.6,59.03,0,45,0,0,7,10
23:18:01,29.6,59,0,45,0,0,8,10
23:19:03,29.6,58.97,0,45,0,0,8,10
23:20:05,29.6,59.21,0,45,0,0,9,10
23:21:08,29.6,58.96,0,45,0,0,7,10
23:23:12,29.61,59.05,0,45,0,0,8,10
23:24:15,29.61,58.91,0,45,0,0,8,10
23:25:18,29.61,58.95,0,45,0,0,8,10
23:26:21,29.61,59.15,0,45,0,0,9,10
23:27:24,29.61,59.11,0,45,0,0,8,10
23:28:26,29.61,59.11,0,45,0,0,9,10
23:29:28,29.61,59.03,0,45,0,0,7,10
23:30:31,29.61,59.12,0,45,0,0,8,10
23:31:34,29.61,59.01,0,45,0,0,8,10
23:32:37,29.61,58.96,0,45,0,0,8,10
23:33:41,29.62,59.28,0,45,0,0,8,10
23:34:42,29.62,59.1,0,45,0,0,9,10
23:35:44,29.62,59.11,0,45,0,0,8,10
23:36:47,29.62,59.09,0,45,0,0,10,10
23:37:49,29.62,59.03,0,45,0,0,8,10
23:38:51,29.62,59.13,0,45,0,0,8,10
23:39:54,29.62,59.22,0,45,0,0,9,10
23:40:58,29.63,59.26,0,45,0,0,7,10
23:41:59,29.63,59.3,0,45,0,0,8,10
23:43:03,29.63,59.25,0,45,0,0,8,10
23:44:05,29.62,59.23,0,45,0,0,9,10
23:45:07,29.63,59.3,0,45,0,0,8,10
23:46:11,29.63,59.15,0,45,0,0,8,10
23:47:12,29.63,59.2,0,45,0,0,8,10
23:48:15,29.63,59.25,0,45,0,0,10,10
23:49:18,29.63,59.08,0,45,0,0,10,10
23:50:22,29.63,59.29,0,45,0,0,8,10
23:51:24,29.63,59.26,0,45,0,0,8,10
23:52:27,29.64,59.32,0,45,0,0,8,10
23:53:30,29.64,59.23,0,45,0,0,8,10
23:54:32,29.64,59.22,0,45,0,0,9,10
23:55:35,29.64,59.65,0,45,0,0,8,10
23:56:39,29.64,59.25,0,45,0,0,8,10
23:57:40,29.64,59.41,0,45,0,0,9,10
23:58:42,29.64,59.33,0,45,0,0,8,10
23:59:46,29.64,59.3,0,45,0,0,7,10
